{
  "model": "ARIMA/SARIMA",
  "mae": 964.7,
  "rmse": 1023.05,
  "mape": 33.65,
  "r2": -28.9493,
  "forecast": [
    2185.300809768632,
    2157.6558408900028,
    2131.9303257261795,
    2106.967395608324,
    2083.342225650208,
    2060.4464705279593,
    2038.8094389433547,
    2018.1202987835566,
    1998.090145746596,
    1979.2639472719447,
    1961.028819699743,
    1943.9449658942096,
    1924.1469215947857,
    1904.519733658222,
    1886.4676599147244,
    1868.9765751584234,
    1852.5692152161855,
    1836.6713426711403,
    1821.8077409073635,
    1807.6797773187589,
    1794.0027594021417,
    1781.3295769845522,
    1769.0528991418269,
    1757.7395889372767,
    1743.529699715668,
    1729.314136728527,
    1716.5026763799272,
    1704.0866234327668,
    1692.593933863996,
    1681.4554425041738,
    1671.2008371554227,
    1661.5362380119332,
    1652.1815536721492,
    1643.6941304235154,
    1635.470952603031,
    1628.0830624031598,
    1617.6745601008715,
    1607.1402700867636
  ],
  "lower": [
    2174.9492365098595,
    2135.3159371871275,
    2094.661461757579,
    2052.9130629707174,
    2010.8153770450137,
    1968.0843001919698,
    1925.4177793410222,
    1882.6741982663652,
    1839.6952126321667,
    1797.1369558531637,
    1754.481965979857,
    1712.3717675199373,
    1666.6647091725727,
    1620.3945809912857,
    1575.0407959280842,
    1529.6925150950308,
    1484.9424501752378,
    1440.2841918457707,
    1396.2990830750741,
    1352.7442306085982,
    1309.3922529554595,
    1266.8283757227305,
    1224.482906682514,
    1182.9522348141008,
    1138.154666537122,
    1093.0497416040444,
    1049.0737458006158,
    1005.2710193994717,
    962.2036968478315,
    919.3387827851385,
    877.2371460992807,
    835.6406080660983,
    794.3120834737516,
    753.821709623061,
    713.5898036842949,
    674.2029525304426,
    631.6187475343149,
    588.7755936913306
  ],
  "upper": [
    2195.6523830274045,
    2179.995744592878,
    2169.1991896947798,
    2161.0217282459303,
    2155.869074255402,
    2152.8086408639488,
    2152.2010985456873,
    2153.566399300748,
    2156.485078861025,
    2161.3909386907258,
    2167.5756734196293,
    2175.518164268482,
    2181.6291340169987,
    2188.6448863251585,
    2197.8945239013647,
    2208.260635221816,
    2220.195980257133,
    2233.05849349651,
    2247.316398739653,
    2262.6153240289195,
    2278.613265848824,
    2295.830778246374,
    2313.6228916011396,
    2332.5269430604526,
    2348.904732894214,
    2365.5785318530097,
    2383.9316069592387,
    2402.902227466062,
    2422.9841708801605,
    2443.572102223209,
    2465.1645282115646,
    2487.431867957768,
    2510.051023870547,
    2533.56655122397,
    2557.352101521767,
    2581.963172275877,
    2603.730372667428,
    2625.504946482197
  ],
  "test_dates": [
    "2023-02-01",
    "2023-03-01",
    "2023-04-01",
    "2023-05-01",
    "2023-06-01",
    "2023-07-01",
    "2023-08-01",
    "2023-09-01",
    "2023-10-01",
    "2023-11-01",
    "2023-12-01",
    "2024-01-01",
    "2024-02-01",
    "2024-03-01",
    "2024-04-01",
    "2024-05-01",
    "2024-06-01",
    "2024-07-01",
    "2024-08-01",
    "2024-09-01",
    "2024-10-01",
    "2024-11-01",
    "2024-12-01",
    "2025-01-01",
    "2025-02-01",
    "2025-03-01",
    "2025-04-01",
    "2025-05-01",
    "2025-06-01",
    "2025-07-01",
    "2025-08-01",
    "2025-09-01",
    "2025-10-01",
    "2025-11-01",
    "2025-12-01",
    "2026-01-01",
    "2026-02-01",
    "2026-03-01"
  ],
  "actuals": [
    2272.307305936073,
    2325.7246575342465,
    2384.8652968036527,
    2442.0981735159817,
    2501.2388127853883,
    2558.471689497717,
    2617.6123287671235,
    2676.7529680365296,
    2733.9858447488587,
    2793.126484018265,
    2850.359360730594,
    2909.5,
    2909.5,
    2909.5,
    2909.5,
    2909.5,
    2909.5,
    2909.5,
    2909.5,
    2909.5,
    2909.5,
    2909.5,
    2909.5,
    2909.5,
    2909.5,
    2909.5,
    2909.5,
    2909.5,
    2909.5,
    2909.5,
    2909.5,
    2909.5,
    2909.5,
    2909.5,
    2909.5,
    2909.5,
    2909.5,
    2909.5
  ]
}